source_id,city,area,layer,dimension,source_type,title,url,author_or_org,published_date,accessed_date,language,relevance,confidence,notes
EU_VISA_01,lisbon,all,hard_constraints,visa,official,EU Schengen visa policy,https://home-affairs.ec.europa.eu/policies/schengen/visa-policy_en,European Commission,2025-06-23,2026-05-27,en,90/180 rule,High,Schengen total days not Portugal-only
LIS_VISA_01,lisbon,all,hard_constraints,visa,official,Portugal short stay Schengen visa,https://www2.gov.pt/en/servicos/pedir-um-visto-schengen-de-curta-duracao,Portuguese Government,2024-12-03,2026-05-27,en,short stay visa service,High,Official gov.pt service page
TH_VISA_01,chiang_mai,all,hard_constraints,visa,official,Thailand official e-Visa portal,https://thaievisa.go.th/,Thai Ministry of Foreign Affairs,unknown,2026-05-27,en,official visa checker,High,Dynamic portal; manual recheck needed
TH_VISA_02,chiang_mai,all,hard_constraints,visa,official,Royal Thai Consulate Vancouver tourist visa,https://thaiconsulatevancouver.ca/tourist-visa/,Royal Thai Consulate-General Vancouver,unknown,2026-05-27,en,tourist visa from Canada,High,TR visa route for Canada applicants
TH_VISA_03,chiang_mai,all,hard_constraints,visa,official,TAT visa exemption revision pending,https://www.tatnews.org/2026/05/thai-cabinet-approves-revision-of-60-day-visa-exemption-scheme-pending-royal-gazette-publication/,Tourism Authority of Thailand,2026-05-21,2026-05-27,en,current policy volatility,High,Pending Royal Gazette per TAT
TH_DTV_01,chiang_mai,all,hard_constraints,remote_work,official,DTV official embassy page,https://budapest.thaiembassy.org/en/publicservice/destination-thailand-visa-dtv,Royal Thai Embassy Budapest,2026-02-06,2026-05-27,en,DTV remote work and dependents,Medium,Official embassy page not Canada-specific
CAN_PT_01,lisbon,all,hard_constraints,safety,official,Canada Portugal travel advice,https://travel.gc.ca/destinations/portugal.html,Government of Canada,2026-05-26,2026-05-27,en,safety advisory,High,Normal precautions; petty theft in Lisbon
CAN_TH_01,chiang_mai,all,hard_constraints,safety_air,official,Canada Thailand travel advice,https://travel.gc.ca/destinations/thailand,Government of Canada,2026-05-26,2026-05-27,en,safety and air advisory,High,High caution; Chiang Mai air pollution note
US_PT_01,lisbon,all,hard_constraints,safety,official,US Portugal travel advisory,https://travel.state.gov/en/international-travel/travel-advisories/destination.prt.html,US Department of State,2025-12-23,2026-05-27,en,advisory level,High,Level 1
US_TH_01,chiang_mai,all,hard_constraints,safety,official,US Thailand travel advisory,https://travel.state.gov/content/travel/en/traveladvisories/traveladvisories/thailand-travel-advisory.html,US Department of State,2025-07-25,2026-05-27,en,advisory level,High,Level 2 with regional warnings
UK_TH_01,chiang_mai,all,hard_constraints,safety,official,UK FCDO Thailand safety,https://www.gov.uk/foreign-travel-advice/thailand/safety-and-security,UK FCDO,2025-12-12,2026-05-27,en,regional warnings,High,Warnings mainly border/south
LIS_CLIM_01,lisbon,all,hard_constraints,climate,platform,WeatherSpark Lisbon climate,https://weatherspark.com/y/32022/Average-Weather-in-Lisbon-Portugal-Year-Round,WeatherSpark,unknown,2026-05-27,en,monthly rain and temperatures,Medium,Platform climate model
CM_CLIM_01,chiang_mai,all,hard_constraints,climate,platform,WeatherSpark Chiang Mai climate,https://weatherspark.com/y/112821/Average-Weather-in-Chiang-Mai-Thailand-Year-Round,WeatherSpark,unknown,2026-05-27,en,monthly rain heat,Medium,Platform climate model
LIS_AIR_01,lisbon,all,hard_constraints,air_quality,official,Lisbon city air monitoring,https://www.lisboa.pt/en/themes/environment/environmental-quality/air,Lisbon City Council,unknown,2026-05-27,en,air sensor network,High,City monitors PM2.5 PM10 NO2 ozone
LIS_AIR_02,lisbon,all,hard_constraints,air_quality,platform,IQAir Lisbon AQI,https://www.iqair.com/us/portugal/lisbon/lisbon,IQAir,unknown,2026-05-27,en,AQI and PM2.5,Medium,Live/dynamic page
CM_AIR_01,chiang_mai,all,hard_constraints,air_quality,platform,IQAir Chiang Mai burning season March 2026,https://www.iqair.com/us/newsroom/chiang-mai-ranks-among-the-top-10-most-polluted-cities-during-thailand-s-burning-season-3-4-2026,IQAir,2026-03-04,2026-05-27,en,PM2.5 burning season,Medium,Shows unhealthy AQI and seasonal peak
CM_AIR_02,chiang_mai,all,hard_constraints,air_quality,official,Canada Thailand air pollution note,https://travel.gc.ca/destinations/thailand,Government of Canada,2026-05-26,2026-05-27,en,children minimize outdoor activity,High,Official family-relevant warning
CM_AIR_03,chiang_mai,all,hard_constraints,air_quality,news,Nation Thailand Chiang Mai pollution,https://www.nationthailand.com/health-wellness/40064753,Nation Thailand,2026-04-07,2026-05-27,en,2026 severe air episode,Medium,News corroboration
LIS_HEALTH_01,lisbon,all,hard_constraints,healthcare,official,Hospital Dona Estefania,https://www.ulssjose.min-saude.pt/hospital-dona-estefania/,ULS Sao Jose,unknown,2026-05-27,pt,pediatric reference hospital,High,Official page needs manual service-hour confirmation
LIS_HEALTH_02,lisbon,all,hard_constraints,healthcare,official,Hospital CUF Descobertas,https://www.cuf.pt/hospitais-e-clinicas/hospital-cuf-descobertas-lisboa,CUF,unknown,2026-05-27,pt,private pediatrics center,High,Center for child and adolescent listed
LIS_HEALTH_03,lisbon,all,hard_constraints,healthcare,official,Hospital da Luz Lisbon urgent care,https://www.hospitaldaluz.pt/lisboa/en/services/urgent-care-24-hours,Hospital da Luz,unknown,2026-05-27,en,24h urgent care,Medium,JS-light page; service exists but details need call
LIS_HEALTH_04,lisbon,all,hard_constraints,healthcare,platform,UMC Lisbon pediatrics English help,https://lisbon.umc.clinic/departments/Pediatric,United Medical Clinic Lisbon,unknown,2026-05-27,en,private pediatric clinic,Medium,Translation/coordinator evidence
CM_HEALTH_01,chiang_mai,all,hard_constraints,healthcare,official,Bangkok Hospital Chiang Mai Pediatric Center,https://www.bangkokhospital.com/en/chiangmai/center-clinic/child-wellness/pediatric-center-bcm/chivawattana-card-bcm,Bangkok Hospital Chiang Mai,unknown,2026-05-27,en,pediatric center emergency,High,24h pediatric emergency claim
CM_HEALTH_02,chiang_mai,all,hard_constraints,healthcare,official,Bangkok Hospital Chiang Mai FAQ,https://www.bangkokhospital.com/en/chiangmai/page/faq-bcm,Bangkok Hospital Chiang Mai,unknown,2026-05-27,en,24h emergency,High,Emergency center open 24h
CM_HEALTH_03,chiang_mai,all,hard_constraints,healthcare,official,Chiangmai Hospital Pediatric Clinic,https://www.chiangmai-hospital.com/en/our-services/outpatient-department/pediatric-clinic,Chiangmai Hospital,unknown,2026-05-27,en,pediatric outpatient,Medium,Clinic official page
CM_HEALTH_04,chiang_mai,all,community_feedback,healthcare,community,Reddit Chiang Mai pediatrician,https://www.reddit.com/r/chiangmai/comments/1oy40ki/need_a_paediatrician/,Reddit,2025-11,2026-05-27,en,expat pediatrician recommendations,Low,Anecdotal English-staff signal
LISH_01,lisbon,Campo de Ourique,life_operability,housing,platform,Flatio T2 Campo de Ourique,https://www.flatio.com/rent/apartment/124170-lisbon,Flatio,unknown,2026-05-27,en,2BR monthly sample,Medium,1180 EUR per 30 days shown in search snippet; dynamic
LISH_02,lisbon,Campo de Ourique,life_operability,housing,platform,Flatio 2BR Chic Bright Campo de Ourique,https://www.flatio.com/rent/apartment/94649-lissabon,Flatio,unknown,2026-05-27,en,2BR family-suitable sample,Medium,2636 EUR avg per 30 days shown; dynamic
LISH_03,lisbon,Parque das Nacoes,life_operability,housing,platform,Flatio Encanto do Tejo T2,https://www.flatio.pt/oferta/apartamento/119746-lisboa,Flatio,unknown,2026-05-27,pt,2BR family sample,Medium,AC high-speed internet two baths parking
LISH_04,lisbon,Parque das Nacoes,life_operability,housing,platform,Flatio Parque das Nacoes apartment,https://www.flatio.pt/oferta/apartamento/lisboa-100565,Flatio,unknown,2026-05-27,pt,monthly apartment sample,Medium,2943 EUR per month shown; dynamic
LISH_05,lisbon,central,life_operability,housing,platform,Lisbon Serviced Apartments Benformoso 2BR,https://lisbonservicedapartments.com/apartments/benformoso/two-bedroom-apartment/,Lisbon Serviced Apartments,unknown,2026-05-27,en,serviced 2BR kitchen washer,Medium,From 95 EUR per day; not ideal area
LISH_06,lisbon,central,life_operability,housing,platform,Lisbon Serviced Apartments Principe Real 2BR,https://lisbonservicedapartments.com/apartments/principe-real/two-bedroom-apartment-t2/,Lisbon Serviced Apartments,unknown,2026-05-27,en,serviced 2BR washer,Medium,Up to 5 guests; dynamic
LISH_07,lisbon,Santos,life_operability,housing,platform,Vrbo Prime Lisbon Living 2BR,https://www.vrbo.com/en-gb/p11954414,Vrbo,unknown,2026-05-27,en,2BR extended-stay sample,Medium,Near Campo Ourique/Chiado; price dynamic
LISH_08,lisbon,Campo de Ourique,life_operability,housing,platform,Vrbo Campo de Ourique rentals,https://www.vrbo.com/en-gb/holiday-rentals/portugal/lisbon-district/lisbon/campo-de-ourique,Vrbo,unknown,2026-05-27,en,area supply proxy,Medium,Search result shows sleeps 4 options
LISH_09,lisbon,near Campo de Ourique,life_operability,housing,review,Vrbo Borja111 family apartment,https://www.vrbo.com/en-gb/p10685425,Vrbo,unknown,2026-05-27,en,negative review risk,Low,Search snippet mentions deposit/flight-path complaint
LISH_10,lisbon,Campolide,life_operability,housing,platform,Flatio Campolide 2BR,https://ru.flatio.com/arendnaya-plata/ploskiy/lisbon-115870,Flatio,unknown,2026-05-27,en,2BR furnished sample,Medium,2090 EUR/month and washing machine in snippet
CMH_01,chiang_mai,Nimman,life_operability,housing,platform,Yantarasri Nimman serviced apartment,https://www.thaiapartment.com/apartment/yantarasri-nimman-muangchiangmai-11986,ThaiApartment,unknown,2026-05-27,en,monthly serviced sample,Medium,Studios only; shared kitchen/laundry
CMH_02,chiang_mai,Riverside,life_operability,housing,platform,Anantara Chiang Mai two bedroom suite,https://www.anantara.com/en/chiang-mai-serviced-suites/residences/two-bedroom-suite,Anantara,unknown,2026-05-27,en,2BR serviced high-end sample,Medium,Kitchenette and laundry facilities
CMH_03,chiang_mai,Nimman,life_operability,housing,platform,Hillside Condominium 2 2BR,https://www.thaiapartment.com/condo-detail/condominium-for-rent-hillside-condominium-2-81016,ThaiApartment,unknown,2026-05-27,en,2BR near Maya sample,Medium,Near hospitals and Nimman
CMH_04,chiang_mai,Old City edge,life_operability,housing,platform,Studio365 two bedroom apartment,https://www.chiangmaiservicedapartments.com/en/accommodation/detail/45/two-bedroom-balcony-apartment-75m2,Studio365,unknown,2026-05-27,en,2BR serviced sample,Medium,Kitchenette listed
CMH_05,chiang_mai,Hang Dong,life_operability,housing,platform,Thailand Property Hang Dong 2BR condos,https://www.thailand-property.com/condos-for-rent/chiang-mai/hang-dong/2-bedrooms,Thailand Property,unknown,2026-05-27,en,2BR market sample,Medium,Dynamic listing proxy
CMH_06,chiang_mai,Nimman,life_operability,housing,platform,Lanna Property Moda Condo 2BR,https://lannaproperty.com/property/modern-luxury-fully-furnished-2-bedrooms-2-bathrooms-conner-unit-with-moutain-view-next-to-maya-mall-near-nimman-road/,Lanna Property,unknown,2026-05-27,en,2BR condo with washer,Medium,Near Maya and Nimman
CMH_07,chiang_mai,citywide,life_operability,housing,platform,CNX Cribs long-term rentals,https://www.cnxcribs.com/,CNX Cribs,unknown,2026-05-27,en,monthly rental proxy,Medium,Shows Nimman 2BR ranges and family units
CMH_08,chiang_mai,Nimman,life_operability,housing,platform,Booking Nimman Maya 2BR family suite,https://www.booking.com/hotel/th/luxury-family-suite-two-bedroom-nimman-maya.en-gb.html,Booking.com,unknown,2026-05-27,en,2BR family suite,Medium,Kitchen free WiFi walk to Maya
CMH_09,chiang_mai,Nimman,life_operability,housing,platform,FazWaz The Unique at Nimman 2BR,https://www.fazwaz.co.th/en/property-rent/2-bedroom-condo-for-rent-at-the-unique-at-nimman-in-suthep-chiang-mai-u5588054,FazWaz,unknown,2026-05-27,en,2BR condo rental sample,Medium,38k THB/mo sample; dynamic
CMH_10,chiang_mai,Old City/Nimman,life_operability,housing,community,Reddit Chiang Mai serviced apartments,https://www.reddit.com/r/chiangmai/comments/1l3tl1v/serviced_apartments_in_chiang_mai/,Reddit,2025,2026-05-27,en,short-stay serviced apartment signal,Low,Anecdotal supply signal
LIS_CHILD_01,lisbon,citywide,life_operability,indoor_play,platform,SandCastle indoor playground cafe,https://ma.to/venue/sandcastle.pt,Mato/SandCastle,unknown,2026-05-27,en,indoor play nanny cafe,Medium,Drop-off 4+ and under-4 accompanied
LIS_CHILD_02,lisbon,citywide,life_operability,structured_activity,platform,Wooki sensory playgroups,https://www.wooki.pt/en/playgroupsensoriais,Wooki,unknown,2026-05-27,en,babies to age 5,Medium,Playgroups designed up to 5
LIS_CHILD_03,lisbon,Parque das Nacoes,life_operability,indoor_play,blog,Petit Cabanon parent child cafe,https://www.architonic.com/en/pr/petit-cabanon-cafe/5100551/,Architonic,unknown,2026-05-27,en,parent child cafe,Low,Design/project source not current operation
LIS_CHILD_04,lisbon,Estrela,life_operability,outdoor_play,official,Jardim da Estrela Visit Lisboa,https://www.visitlisboa.com/en/places/jardim-da-estrela,Visit Lisboa,unknown,2026-05-27,en,park with family use,Medium,Popular with young couples with kids
LIS_CHILD_05,lisbon,citywide,life_operability,outdoor_play,blog,Lisbon playgrounds Lets Go Baby,https://www.letsgobaby.pt/blogs/visit-portugal-with-kids/kids-playgrounds-in-lisbon,Lets Go Baby,unknown,2026-05-27,en,playground list,Low,Useful but blog-level
LIS_CHILD_06,lisbon,citywide,life_operability,indoor_play,platform,Teddy and Friends playground,https://teddy-playground.com/,Teddy and Friends,unknown,2026-05-27,en,indoor child play,Medium,Venue page
LIS_CHILD_07,lisbon,Parque das Nacoes,life_operability,culture_indoor,official,Oceanario family programs,https://oceanario.pt/en/families/,Oceanario de Lisboa,unknown,2026-05-27,en,family programs ages 0-5,High,Official family activities
LIS_CHILD_08,lisbon,Campo de Ourique/Estrela,community_feedback,outdoor_play,community,Reddit kids play outside Portugal,https://www.reddit.com/r/PortugalExpats/comments/1p5qfrk/do_kids_play_outside_in_portugal/,Reddit,2025,2026-05-27,en,parent playground signal,Low,Mentions Jardim da Estrela and Jardim da Parada
LIS_CHILD_09,lisbon,citywide,community_feedback,mobility_stroller,community,Reddit Lisbon active 2.5 year old,https://www.reddit.com/r/LisbonPortugalTravel/comments/1tbipy4/lisbon_with_an_active_25_year_old/,Reddit,2026-05,2026-05-27,en,toddler activity signal,Low,Mentions Parque das Nacoes playgrounds and fountains
LIS_CHILD_10,lisbon,citywide,life_operability,community,platform,Lisbon Parents and Kids Meetup,https://www.meetup.com/en-AU/lisbonparents/,Meetup,unknown,2026-05-27,en,parent-child social group,Medium,Public group 472 members in result
CM_CHILD_01,chiang_mai,Hang Dong,life_operability,outdoor_play,platform,Nics Restaurant Playground,https://nics.asia/,Nics,unknown,2026-05-27,en,restaurant and playground,Medium,Open daily; kid party venue
CM_CHILD_02,chiang_mai,Hang Dong,life_operability,outdoor_play,platform,YuuBaan Studio activities,https://www.yuubaanstudio.com/activites,YuuBaan Studio,unknown,2026-05-27,en,nature play cafe crafts,Medium,Daily cafe; weekend slime/crafts
CM_CHILD_03,chiang_mai,Hang Dong,life_operability,outdoor_play,blog,Din Cafe Hang Dong family guide,https://chiangmaifamilyguide.com/din-cafe-hang-dong/,Chiang Mai Family Guide,2021,2026-05-27,en,kid friendly cafe playground,Low,Notes sun exposure
CM_CHILD_04,chiang_mai,San Sai,life_operability,indoor_outdoor_play,review,Lenmaii Playground Cafe,https://lenmaii-playground-cafe.goto-place.com/,Goto Place,unknown,2026-05-27,en,kids cafe air-conditioned seating,Low,Review aggregator
CM_CHILD_05,chiang_mai,citywide,life_operability,structured_activity,platform,FLOM Art Studio,https://www.flom-th.com/,FLOM,unknown,2026-05-27,en,kids art class,Medium,Mostly 7-12; weak for 2.5/4.5
CM_CHILD_06,chiang_mai,Hang Dong,life_operability,indoor_outdoor_play,platform,Triplets Eat and Play,https://www.tripletseatandplay.com/,Triplets Eat and Play,unknown,2026-05-27,en,kids play restaurant,Medium,Open Tue-Sun; parent restaurant
CM_CHILD_07,chiang_mai,citywide,life_operability,indoor_play,blog,CNXlocal kid friendly cafes parks playgrounds,https://cnxlocal.com/kid-friendly-cafes-parks-and-playgrounds-in-chiang-mai/,CNXlocal,2024,2026-05-27,en,indoor and cafe play roundup,Low,Useful local guide
CM_CHILD_08,chiang_mai,Old City outer edge,life_operability,outdoor_play,map,Nong Buak Hard public park playground,https://www.corner.inc/place/68511,Corner,2025,2026-05-27,en,park playground old city,Medium,Map/review style source
CM_CHILD_09,chiang_mai,citywide,life_operability,structured_activity,platform,Chiang Mai Kids Club TruePath,https://www.chiangmaikidsclub.com/homeschooling/who-is-truepath-for,Chiangmai Family Club,unknown,2026-05-27,en,homeschool community,Medium,Play-based body creativity swimming football
CM_CHILD_10,chiang_mai,Saraphi,life_operability,structured_activity,platform,Kinder Home Chiang Mai Kids event,https://www.chiangmaikids.com/organizer/kinder-home-cm/,Chiang Mai Kids by BKK Kids,2026,2026-05-27,en,weekly activity class 4-8,Medium,Age fit for 4.5 not 2.5
CM_CHILD_11,chiang_mai,Hang Dong,life_operability,indoor_play,platform,50 Fly toddler time,https://www.warmheartworldwide.org/uploads/1/1/7/3/11737361/poster_50fly.pdf,50 Fly,2026,2026-05-27,en,toddler indoor sessions,Low,PDF signal; verify current operation
CM_CHILD_12,chiang_mai,citywide,community_feedback,childcare,community,Reddit single mom expat Chiang Mai,https://www.reddit.com/r/chiangmai/comments/1kbs7pd/single_mom_expat/,Reddit,2025,2026-05-27,en,child community anecdote,Low,Detailed but single anecdote
LIS_MOB_01,lisbon,all,life_operability,mobility,official,Lisbon public transportation,https://www.lisboa.pt/en/temas/mobilidade/modos-de-transportes/public-transportation,Lisbon City Council,unknown,2026-05-27,en,transport network,High,bus tram metro train ferry taxi
LIS_MOB_02,lisbon,all,life_operability,mobility,official,Lisbon Metro children stroller,https://www.metrolisboa.pt/en/travel/using-the-metro/,Metropolitano de Lisboa,unknown,2026-05-27,en,children and strollers,High,children 4-12 free with card; strollers referenced
LIS_MOB_03,lisbon,all,life_operability,car_seat,platform,Bolt travelling with children,https://bolt.eu/en-pt/support/articles/360011878240/,Bolt,unknown,2026-05-27,en,child seat policy,Medium,Driver may cancel if no seat
LIS_MOB_04,lisbon,all,life_operability,car_seat,platform,Uber car seats,https://help.uber.com/pt-PT/driving-and-delivering/article/car-seats?nodeId=84a8a020-53d8-4968-849b-b2c2ca167b2b,Uber,unknown,2026-05-27,en,car seat responsibility,Medium,Riders provide own seat unless category exists
LIS_MOB_05,lisbon,all,community_feedback,stroller_car_seat,community,Reddit Lisbon toddler car seat,https://www.reddit.com/r/LisbonPortugalTravel/comments/1mb2186/lisbon_with_young_toddler/,Reddit,2025,2026-05-27,en,stroller and car seat friction,Low,Anecdotal but repeated theme
CM_MOB_01,chiang_mai,all,life_operability,mobility,blog,Chiang Mai public transport songthaew,https://www.chiangmaitraveller.com/chiang-mai-public-transport-songthaew/,Chiang Mai Traveller,2024,2026-05-27,en,transport baseline,Low,No metro; songthaew common
CM_MOB_02,chiang_mai,all,life_operability,mobility,blog,How to use songthaew with family,https://chiangmaifamilyguide.com/how-to-use-a-songtaew-in-chiang-mai/,Chiang Mai Family Guide,2019,2026-05-27,en,family songthaew practicalities,Low,Children should sit middle
CM_MOB_03,chiang_mai,citywide,community_feedback,mobility,community,Reddit single mom no public transit,https://www.reddit.com/r/chiangmai/comments/1kbs7pd/single_mom_expat/,Reddit,2025,2026-05-27,en,no public transit signal,Low,Anecdotal but practical
CM_MOB_04,chiang_mai,Nimman/Hang Dong,community_feedback,mobility,community,Reddit The Base Height family,https://www.reddit.com/r/chiangmai/comments/1p7q0z3/question_about_the_base_height_condo_in_chiang_mai/,Reddit,2025,2026-05-27,en,Nimman walkable Hang Dong expat signal,Low,Anecdotal
LIS_COMM_01,lisbon,citywide,community_feedback,parent_community,platform,Lisbon Parents and Kids Meetup,https://www.meetup.com/en-AU/lisbonparents/,Meetup,unknown,2026-05-27,en,parent community,Medium,Public group metadata
LIS_COMM_02,lisbon,citywide,community_feedback,parent_community,blog,Lisbon for Parents,https://meyouandlisbon.com/lisbon-for-parents-families-lisbon/,Me You and Lisbon,2020,2026-05-27,en,parent community history,Low,May be stale after Covid
LIS_COMM_03,lisbon,citywide,community_feedback,parent_community,blog,Lisbon parenting networks,https://www.pearlclub.com/cities/lisbon/helpful-links/parenting-family-networks,Pearl Club,unknown,2026-05-27,en,parent groups list,Low,Directory
LIS_COMM_04,lisbon,Campo de Ourique/Estrela,community_feedback,neighborhood,community,Reddit Best area with kids Lisbon,https://www.reddit.com/r/Travelwithkids/comments/1r28tvh/best_area_in_lisbon_with_kids/,Reddit,2026,2026-05-27,en,neighborhood family signal,Low,Campo/Estrela smoother than Baixa
LIS_COMM_05,lisbon,all,community_feedback,stroller,community,Reddit Toddler vs Lisbon,https://www.reddit.com/r/LisbonPortugalTravel/comments/1rhf2va/toddler_vs_lisbon_recommendations_for_getting/,Reddit,2026,2026-05-27,en,stroller friction conflicting views,Low,Cobblestones and hills theme
LIS_COMM_06,lisbon,all,community_feedback,slow_travel,community,Reddit Lisbon November family,https://www.reddit.com/r/travel/comments/1npj5xd/lisbon_in_november_with_multigenerational_family/,Reddit,2025,2026-05-27,en,family slow pace itinerary,Low,Anecdotal
CM_COMM_01,chiang_mai,citywide,community_feedback,parent_community,blog,Facebook groups for families moving to Chiang Mai,https://cnxlocal.com/facebook-groups-for-families-moving-to-chiang-mai/,CNXlocal,2025,2026-05-27,en,parent groups list,Low,Group metadata only
CM_COMM_02,chiang_mai,citywide,community_feedback,parent_community,blog,Chiang Mai Family Guide media kit,https://chiangmaifamilyguide.com/wp-content/uploads/2021/02/Media-Kit-Chiang-Mai-Family-Guide-February-2021.pdf,Chiang Mai Family Guide,2021,2026-05-27,en,family market signal,Low,Member count stale
CM_COMM_03,chiang_mai,citywide,community_feedback,expat_family,blog,CNXlocal about,https://cnxlocal.com/about/,CNXlocal,unknown,2026-05-27,en,family-focused expat guide,Low,Positioning source
CM_COMM_04,chiang_mai,citywide,community_feedback,air_quality,community,Reddit 2026 burning season megathread,https://www.reddit.com/r/chiangmai/comments/1qg5s23/2026_burning_season_megathread/,Reddit,2026,2026-05-27,en,burning season community signal,Low,Anecdotal but matches official/platform
CM_COMM_05,chiang_mai,Night Bazaar,community_feedback,safety_area,community,Reddit staying near Loi Kroh with kids,https://www.reddit.com/r/chiangmai/comments/1tgz8gf/staying_near_loi_kroh_road_with_kids/,Reddit,2026,2026-05-27,en,avoid red light street with kids,Low,Area red flag
CM_COMM_06,chiang_mai,citywide,community_feedback,housing,community,Reddit booking condo 2-3 months possible,https://www.reddit.com/r/chiangmai/comments/1opv3dg/booking_condo_for_23_months_possible/,Reddit,2025,2026-05-27,en,short rental seasonality,Low,Anecdotal
CM_COMM_07,chiang_mai,Nimman/Hang Dong,community_feedback,neighborhood,community,Reddit Hang Dong vs Nimman,https://www.reddit.com/r/chiangmai/comments/1cbbm58/hang_dong_vs_nimman/,Reddit,2024,2026-05-27,en,neighborhood tradeoffs,Low,Anecdotal
EUROSTAT_CITY_01,lisbon,all,hard_constraints,urban_statistics,official,Eurostat city statistics information,https://ec.europa.eu/eurostat/web/cities/information-data,Eurostat,unknown,2026-05-28,en,city-level baseline statistics framework,High,Provides official city statistics categories including environment health living conditions transport tourism
EUROSTAT_HOUSING_01,lisbon,all,hard_constraints,housing,official,Eurostat housing statistics overview,https://ec.europa.eu/eurostat/web/housing,Eurostat,2026,2026-05-28,en,official housing statistics baseline,High,EU housing dashboard and housing datasets
INE_HOUSING_01,lisbon,all,hard_constraints,housing,official,Statistics Portugal local housing prices and rents datasets,https://smi.ine.pt/VariavelFisica/Detalhes_TabObjectosRelacionados/3222?clear=True,Statistics Portugal INE,unknown,2026-05-28,pt,local housing price and rent statistics,High,Includes Estatisticas de Precos da Habitacao ao Nivel Local and Estatisticas de Rendas da Habitacao ao Nivel Local
INE_HOUSING_02,lisbon,all,hard_constraints,housing,official,INE city housing prices methodology,https://geohab.ine.pt/assets/html/ManualPrecosHabitacaoCidades20.html,Statistics Portugal INE,unknown,2026-05-28,pt,methodology for local housing prices,High,Explains median price per square meter and administrative fiscal data basis
LIS_OPEN_DATA_01,lisbon,all,life_operability,open_data,official,Lisboa Aberta open data portal,https://lisboaaberta.cm-lisboa.pt/index.php/en,Lisbon City Council,unknown,2026-05-28,en,official city open data portal,High,Potential source for playgrounds facilities transport and real-time city datasets
LIS_PARKS_01,lisbon,all,life_operability,outdoor_play,official,Lisbon gardens and parks,https://www.lisboa.pt/en/themes/environment/ecological-structure/gardens-and-parks,Lisbon City Council,unknown,2026-05-28,en,municipal parks and gardens baseline,High,Official parks and gardens entry point
LIS_PARKS_02,lisbon,all,life_operability,outdoor_play,official,Lisbon horticultural parks and child facilities context,https://www.lisboa.pt/en/themes/environment/ecological-structure/horticultural-parks,Lisbon City Council,unknown,2026-05-28,en,parks with family amenities context,High,Notes urban parks gardens may include lawns playgrounds kiosks sports and cycle paths
LIS_TRANSIT_OPEN_01,lisbon,all,life_operability,mobility,official,Carris Metropolitana open data,https://docs.carrismetropolitana.pt/open-data,Carris Metropolitana,unknown,2026-05-28,en,official transit open data and stops,High,Open endpoints and official stops database for Lisbon metro area bus network
LIS_SAFETY_RASI_01,lisbon,all,hard_constraints,safety,official,Portugal Annual Internal Security Report 2025 presented,https://portugal.gov.pt/en/gc25/communication/news/annual-report-on-internal-security-for-2025-presented-at-the-higher-internal-security-council,Portuguese Government,2026-04,2026-05-28,en,official internal security national baseline,High,National crime trend with Lisbon Porto Setubal incidence note
TH_AIR4THAI_01,chiang_mai,all,hard_constraints,air_quality,official,Air4Thai official air quality portal,https://air4thai.pcd.go.th/,Thailand Pollution Control Department,unknown,2026-05-28,th,official PM2.5 monitoring portal,High,Official PCD real-time air quality source
TH_PCD_NORTH_01,chiang_mai,all,hard_constraints,air_quality,official,Environmental and Pollution Control Office 1 northern PM2.5 updates,https://epo01.pcd.go.th/th/news/detail/173102,Environmental and Pollution Control Office 1 Chiang Mai,2024,2026-05-28,th,northern PM2.5 official regional updates,High,Directs users to Air4Thai and regional PM2.5 updates
TH_TMD_CLIMATE_01,chiang_mai,all,hard_constraints,climate,official,Thai Meteorological Department climate pages,https://tmd.go.th/en/climate/climateSubpage,Thai Meteorological Department,unknown,2026-05-28,en,official climate data entry point,High,Official climate chart and monthly climate information
TH_TMD_MONTHLY_01,chiang_mai,all,hard_constraints,climate,official,Thai Meteorological Department monthly weather summary,https://www.tmd.go.th/en/climate/summarymonthly,Thai Meteorological Department,2026,2026-05-28,en,monthly weather anomaly and rainfall summary,High,Official monthly weather summaries by region
CM_TOURIST_POLICE_01,chiang_mai,all,hard_constraints,safety,official,Chiang Mai Tourist Police visitor statistics,https://www.chiangmaitouristpolice.com/public-information/visitor-statistics,Chiang Mai Tourist Police,2024,2026-05-28,th,tourism safety context and visitor statistics,Medium,Official local tourist police public information but not crime-rate dataset
CM_CITY_CULTURE_01,chiang_mai,Old City,life_operability,culture,official,Chiang Mai City Heritage Centre about,https://cmocity.com/about/,Chiang Mai Municipality,unknown,2026-05-28,en,municipal culture baseline,Medium,Official municipal heritage centre and visitor count context
CM_PARK_NONG_01,chiang_mai,Old City outer edge,life_operability,outdoor_play,platform,Nong Buak Haad Public Park CMHY,https://www.cmhy.city/en/place/4578-Nong-buak-haad-Park,CMHY.city,unknown,2026-05-28,en,park playground family use details,Medium,Local directory states park suitable for family activities and has playground with sandy floor
CM_PARK_NONG_02,chiang_mai,Old City outer edge,life_operability,outdoor_play,platform,Nong Buak Haad Public Park Chiang Mai Master,https://www.chiangmaimaster.com/place/nong-buak-haad-public-park,Chiang Mai Master,2022,2026-05-28,en,park playground shade and water features,Medium,Local guide describes sizeable park with playground picnic areas shade trees and water features
LIS_COMM_07,lisbon,citywide,community_feedback,playground_quality,community,Reddit Lisbon active 2.5 year old playground comments,https://www.reddit.com/r/LisbonPortugalTravel/comments/1tbipy4/lisbon_with_an_active_25_year_old/,Reddit,2026-05,2026-05-28,en,playground and park repeatability comments,Low,Community overlay for playground maintenance kiosks and Parque das Nacoes family use
LIS_COMM_08,lisbon,citywide,community_feedback,playground_quality,community,Reddit kids play outside Portugal playground comments,https://www.reddit.com/r/PortugalExpats/comments/1p5qfrk/do_kids_play_outside_in_portugal/,Reddit,2025,2026-05-28,en,playground shade maintenance and outer area comments,Low,Community overlay for playground distribution and shade concerns
CM_COMM_08,chiang_mai,citywide,community_feedback,air_quality,community,Reddit ThailandTourism burning season Chiang Mai,https://www.reddit.com/r/ThailandTourism/comments/1s9700h/burning_seasonair_quality_in_chiang_mai/,Reddit,2026,2026-05-28,en,burning season trip timing comments,Low,Community overlay for avoiding burning season
CM_COMM_09,chiang_mai,citywide,community_feedback,air_quality,community,Reddit Chiang Mai air quality dealbreaker or doable,https://www.reddit.com/r/chiangmai/comments/17db1ku,Reddit,2023,2026-05-28,en,air quality tolerance and seasonal comments,Low,Community overlay with mixed views on air quality
CM_COMM_10,chiang_mai,citywide,community_feedback,air_quality,community,Reddit concerned parent Chiang Mai air pollution,https://www.reddit.com/r/Thailand/comments/1jig76c,Reddit,2025,2026-05-28,en,parent air pollution concern,Low,Community overlay for family health concerns and indoor filtration comments
CM_COMM_11,chiang_mai,citywide,community_feedback,mobility,community,Reddit Chiang Mai city bus spotted around Nimman,https://www.reddit.com/r/chiangmai/comments/1nob29c,Reddit,2025,2026-05-28,en,public transport uncertainty signal,Low,Community overlay for bus trial or RTC visibility
CM_COMM_12,chiang_mai,Old City outer edge,community_feedback,outdoor_play,community,Reddit favorite park Nong Buak Haad,https://www.reddit.com/r/chiangmai/comments/ea18pr,Reddit,2019,2026-05-28,en,park family use anecdote,Low,Community overlay for Nong Buak Haad park family use
CM_COMM_13,chiang_mai,Old City outer edge,community_feedback,outdoor_play,community,Reddit public park garden hangout Chiang Mai,https://www.reddit.com/r/chiangmai/comments/zpliqw,Reddit,2022,2026-05-28,en,public park recommendation,Low,Community overlay identifying Nong Buak Haad as usable public park
CM_COMM_14,chiang_mai,citywide,community_feedback,climate,community,Reddit Chiang Mai rainy season comments,https://www.reddit.com/r/chiangmai/comments/1t6bnjy/i_think_the_rainy_season_just_officially_started/,Reddit,2026,2026-05-28,en,rainy season practical comments,Low,Community overlay for rain season lived experience
