layer,dimension,city,official_stat_evidence,official_source_ids,platform_map_evidence,platform_source_ids,community_overlay,community_source_ids,current_dimension_assessment,evidence_sufficiency,confidence,gaps,next_data_to_collect
第2层：城市级硬数据 baseline,签证/合法停留,里斯本,"官方证据足够覆盖核心规则：葡萄牙短期申根签证和欧盟 90/180 天规则。","LIS_VISA_01;EU_VISA_01","不需要平台/地图证据。","","社区经验不能决定签证规则，只能用于申请流程经验；当前未纳入。","","可判断：三个月计划必须按申根 90/180 天逐人计算，签证或免签只解决入境资格，不解决超期风险。","强","高","缺每位家庭成员护照、加拿大居留身份、过去 180 天申根记录、VFS 预约与材料。","用官方申根计算器逐人核验；联系 VFS/领馆确认中国护照加拿大居民儿童材料。"
第2层：城市级硬数据 baseline,签证/合法停留,清迈,"官方证据能列出路径但不足以直接锁定方案：Thai e-Visa、泰国领馆旅游签、DTV 和 2026 免签变动。","TH_VISA_01;TH_VISA_02;TH_VISA_03;TH_DTV_01","不需要平台/地图证据。","","社区经验不能决定签证规则，只能用于办理流程经验；当前未纳入。","","可判断：三个月可行性取决于逐人 e-Visa eligibility、旅游签延期或 DTV；不能按旧免签攻略直接规划。","中","中","缺每位家庭成员护照规则、TR 60+30 适用性、儿童材料、DTV 家属材料、延期实务。","在 Thai e-Visa 按每位家庭成员跑 eligibility；询问泰国加拿大领馆。"
第2层：城市级硬数据 baseline,空气质量,里斯本,"官方证据显示里斯本有市政空气监测体系，但本轮尚未从官方站点拉出逐日历史值。","LIS_AIR_01","Open-Meteo 2023-2025 模型数据给出的目标月份 PM2.5 均值约 9.9-15.2 µg/m3；超过 25 µg/m3 的小时占比约 1.2%-14.1%，最高出现在 2 月。这说明目标月份会有坏空气小时，但不是类似清迈烟季的持续性结构问题。IQAir 页面作为实时/平台补充。","OPEN_METEO_AIR_01;LIS_AIR_02","当前社区反馈没有形成空气污染反复抱怨主题。","","可判断：空气质量不是里斯本三个月家庭日常的主红线；现有模型数据支持“偶发坏空气日需要关注，但通常不主导儿童户外节奏”。","中-强","中","缺官方站点逐日 PM2.5 与 Open-Meteo 模型交叉验证。","从 QualAr/EEA/OpenAQ 拉取里斯本站点 3-5 年 PM2.5 月度数据，计算超 25/35 µg/m3 天数。"
第2层：城市级硬数据 baseline,空气质量,清迈,"官方证据强：Air4Thai/PCD 是核心数据源，区域环保办公室也持续发布北部 PM2.5 更新；加拿大官方旅行建议也明确点名清迈干季空气污染与儿童户外限制。","TH_AIR4THAI_01;TH_PCD_NORTH_01;CM_AIR_02","Open-Meteo 2023-2025 模型数据显示，目标月份里清迈 3 月 PM2.5 均值约 37.6 µg/m3，4 月约 31.4 µg/m3；3 月超过 25 µg/m3 的小时约 72.1%，超过 35 µg/m3 的小时约 51.6%。这意味着 3 月不是“偶尔几天不好”，而是大量小时处在不适合幼儿户外活动的水平。IQAir 和新闻报道补充了 2026 烟季事件。","OPEN_METEO_AIR_01;CM_AIR_01;CM_AIR_03","Reddit 和家庭社区反复出现烟季逃离、呼吸不适、3-4 月避开等主题，和官方/平台信号一致。","CM_COMM_04;CM_COMM_08;CM_COMM_09;CM_COMM_10","可判断：空气质量是清迈维度级硬约束，尤其 2-4 月；官方监测入口、模型数据、新闻和社区反馈共同指向同一事实。","强","高","缺 Air4Thai 官方逐日历史导出、儿童健康阈值、住房净化器实测效果。","从 Air4Thai/PCD 拉取 2019-2026 Chiang Mai 站点逐日 PM2.5；按月份计算超 25/35 µg/m3 天数。"
第2层：城市级硬数据 baseline,气候,里斯本,"现有官方气象数据不足；Eurostat 城市统计可作为城市环境数据入口但不是具体气候数据。","EUROSTAT_CITY_01","Open-Meteo 2023-2025 模型数据说明：目标月份日最高温均值约 15.7-23.7°C，温度本身适合幼儿户外；但 1 月、3 月、10 月、11 月按每 30 天折算约 10-13 个雨日，说明里斯本的摩擦主要是雨天和室内 fallback，而不是热或冷。WeatherSpark 作为第二平台参照。","OPEN_METEO_CLIMATE_01;LIS_CLIM_01","社区层目前未形成气候相关强重复主题；住房湿冷和雨天 fallback 主要来自解释性风险。","","可判断：目标月份温度整体适合日常户外，但冬春秋都有相当数量雨天；住房室内空间和雨天活动需要作为生活系统的一部分。","中-强","中","缺 IPMA 官方 normals、湿度、风、体感和极端天气。","补 IPMA 里斯本站点 1991-2020 normals 或近 10 年月度数据。"
第2层：城市级硬数据 baseline,气候,清迈,"官方气候入口已找到：Thai Meteorological Department climate pages 和 monthly weather summary。","TH_TMD_CLIMATE_01;TH_TMD_MONTHLY_01","Open-Meteo 2023-2025 模型数据说明：清迈 3 月日最高温均值约 33.5°C，4 月约 36.7°C；10 月按每 30 天折算约 17.4 个雨日、约 194 mm 降雨。也就是说，清迈的季节摩擦不是抽象的“热带天气”，而是 3-4 月热、10 月雨季尾巴、2-4 月空气共同叠加。WeatherSpark 提供第二平台参照。","OPEN_METEO_CLIMATE_01;CM_CLIM_01","社区反馈能补充雨季/热季实际生活感，但当前样本仍少。","CM_COMM_14","可判断：11-1 月气候更适合作为家庭慢旅行窗口；3-4 月高温与空气污染叠加，10 月雨量对户外节奏有影响。","中-强","中","缺 TMD Chiang Mai 站点 normals、湿度、热指数和近年异常。","从 TMD climate chart/monthly summary 提取 Chiang Mai 目标月份 normals，并和 Open-Meteo 对比。"
第2层：城市级硬数据 baseline,住房成本/供应,里斯本,"官方统计入口已补：Eurostat housing、INE local housing prices/rents 和 INE 方法说明。","EUROSTAT_HOUSING_01;INE_HOUSING_01;INE_HOUSING_02","已有 10 个中短租样本，但主要证明供应存在，不证明最终可订性或适娃质量。","LISH_01-LISH_10","社区/样本风险提示房源成本、押金、噪音、区域选择问题，但仍未系统抽样。","LISH_09;LIS_COMM_04","可判断：住房是里斯本维度级主要摩擦；官方统计可支撑高成本背景，平台样本证明供应存在，但不足以证明低风险可订。","中","中","缺 75-90 晚实时报价、区域租金分布、短租法规、房源评论系统抽样。","补 INE Lisbon rent €/m2、Idealista/Imovirtual asking rent、10-20 个房源逐项确认。"
第2层：城市级硬数据 baseline,住房成本/供应,清迈,"尚缺可靠官方租金统计；目前没有等同 INE/Eurostat 的城市租金官方入口。","CM_TOURIST_POLICE_01","已有 10 个月租/服务式公寓/平台样本，能证明供应存在。","CMH_01-CMH_10","社区反馈支持短租/2-3 个月 condo 可行性，但只是轶事。","CM_COMM_06;CMH_10","可判断：供应存在，但成本优势和低风险程度目前主要由平台样本支撑，官方统计不足。","中偏弱","中-低","缺官方或大型平台租金基准、区域价格分布、90 晚合同条款、净化器/噪音/儿童安全。","补 FazWaz/DotProperty/Hipflat/Booking/Airbnb 手工样本；寻找 Thai NSO 或 local housing statistics。"
第3层：候选区域生活可运行性,儿童日常活动,里斯本,"官方基础增强：Lisbon municipal parks/gardens、Lisboa Aberta 和 horticultural parks 页面表明官方有公园/设施数据入口。","LIS_PARKS_01;LIS_PARKS_02;LIS_OPEN_DATA_01","OSM 1km 数据把区域差异拉开：Campo de Ourique 和 Estrela/Lapa 周边不是只有一个标志性公园，而是步行半径内同时有多个 playground、park、超市、药房和咖啡；Parque das Nacoes 1km 内 park/河滨空间存在，但 grocery 数量明显少于 Campo/Estrela；Belem/Restelo 1km 内开放空间较强但 laundry 和 clinic 较少。具体场馆样本补充了室内 play 和文化 fallback。","OSM_POI_01;LIS_CHILD_01;LIS_CHILD_02;LIS_CHILD_04;LIS_CHILD_05;LIS_CHILD_06;LIS_CHILD_07;LIS_CHILD_08;LIS_CHILD_09","社区反馈支持 playground/park 可用，同时提示历史中心或阴影/维护等差异。","LIS_COMM_04;LIS_COMM_05;LIS_COMM_07;LIS_COMM_08","可判断：Campo de Ourique 与 Estrela/Lapa 的日常儿童活动和日常服务密度更像“可步行生活系统”；Parque das Nacoes 儿童开放空间强但日常 grocery 密度需靠具体房源位置确认；Belem/Restelo 更偏周末/开放空间型。","中-强","中","OSM 不等于完整设施清单；缺厕所、遮阴、围栏、设施维护、推车坡度和室内 fallback 距离。","对每个候选区选 3 个房源点，核对 1km 步行路线、厕所/遮阴/围栏和雨天活动。"
第3层：候选区域生活可运行性,儿童日常活动,清迈,"官方儿童设施数据不足；市级文化中心能支撑文化入口，但不能支撑 playground 密度。","CM_CITY_CULTURE_01","OSM 1km 数据显示 Nimman/Santitham 生活服务和咖啡非常密，但没有映射到 playground；Old City outer edge 1km 内至少有 Nong Buak Haad 这类公园锚点，同时 grocery、药房和洗衣较多；Hang Dong 1km 内服务和儿童点稀疏，说明它的亲子优势主要不是步行半径，而是 5km/开车半径内的亲子咖啡、学校和郊区空间；San Sai 1km 生活服务最弱。","OSM_POI_01;CM_PARK_NONG_01;CM_PARK_NONG_02;CM_CHILD_01;CM_CHILD_02;CM_CHILD_03;CM_CHILD_04;CM_CHILD_06;CM_CHILD_07","社区反馈支持公园和儿童生态存在，但也说明户外受烟季/交通影响。","CM_CHILD_12;CM_COMM_12;CM_COMM_13;CM_COMM_04","可判断：清迈儿童活动不是“城市步行公园系统”，而更像“室内/亲子咖啡 + 少数公园锚点 + 车程活动”的系统；Old City 近公园，Nimman 近服务，Hang Dong 近亲子场所但更车依赖。","中-强","中","OSM 对泰国 POI 完整度不稳定；缺场馆空气净化、营业时间、实际 Grab 车程和儿童座椅。","对 Nimman、Old City、Hang Dong、San Sai 各建 5 个室内 fallback 和 5 个户外点的实测距离表。"
第3层：候选区域生活可运行性,交通/移动性,里斯本,"官方证据强：市政公共交通页面和 Carris Metropolitana open data 可支撑网络和站点层分析。","LIS_MOB_01;LIS_MOB_02;LIS_TRANSIT_OPEN_01","OSM 1km 数据说明 Campo de Ourique、Estrela/Lapa 周边 grocery、pharmacy、laundry、cafe 都足够密，许多日常任务可在步行半径解决；Parque das Nacoes 和 Belem/Restelo 的日常服务密度更依赖具体房源点。Bolt/Uber 儿童座椅政策提示打车不能默认有儿童座椅。","OSM_POI_01;LIS_MOB_03;LIS_MOB_04","社区反馈增强 stroller/坡路/石子路摩擦证据。","LIS_MOB_05;LIS_COMM_05","可判断：里斯本无车生活的基础成立，但不是所有候选区同等低摩擦；Campo/Estrela 更像步行日常，Parque/Belem 需要房源级路线核验。儿童座椅和坡路仍是实际风险。","中-强","中","缺候选区到医院/公园/超市的真实路线、坡度、无障碍站点。","用 GTFS/地图对最终房源做 15/30 分钟生活圈和 stroller route audit。"
第3层：候选区域生活可运行性,交通/移动性,清迈,"官方交通开放数据不足；目前没有能支撑完整公交网络判断的官方数据。","CM_TOURIST_POLICE_01","OSM 1km 数据显示 Nimman 和 Old City edge 周边日常服务密度较高，可以减少部分车程；Hang Dong 和 San Sai 1km 生活服务稀疏，说明若住在这些郊区区域，儿童活动、医疗和购物更可能依赖 Grab/私车。Moovit/RTC/songthaew/Grab 指向非轨道交通体系。","OSM_POI_01;CM_MOB_01;CM_MOB_02","社区反馈反复支持无完整公共交通、Grab/车依赖和区域取舍主题。","CM_MOB_03;CM_MOB_04;CM_COMM_11","可判断：清迈不是统一的“可无车城市”；Nimman/Old City 可能局部可步行，Hang Dong/San Sai 则更像车程生活。儿童座椅和高峰车程仍是核心缺口。","中-强","中","缺 RTC 官方路线/频率、Grab 儿童座椅、候选区高峰车程。","补 RTC official route source；从候选区到医院/活动/超市做地图车程和等待时间样本。"
第4层：社区反馈 overlay,住房/区域真实摩擦,里斯本,"官方和平台证据只能说明市场/供应，不能说明住进去后的噪音、楼梯、潮湿、押金体验。","INE_HOUSING_01;LISH_01-LISH_10","平台样本给出可询问字段。","LISH_01-LISH_10","社区反馈可增强区域选择和 stroller/旅游核心区不适配问题，但样本还少。","LIS_COMM_04;LIS_COMM_05;LISH_09","可判断：社区证据目前只能作为风险提示，不能独立支撑住房维度结论。","弱-中","低-中","缺 Booking/Airbnb/Google review 系统抽样和至少 5 个重复主题计数。","按区域抽 30 条房源/街区评论，编码噪音、霉味、楼梯、host、儿童适配。"
第4层：社区反馈 overlay,空气/交通真实摩擦,清迈,"官方空气证据很强；交通官方证据偏弱。","TH_AIR4THAI_01;TH_PCD_NORTH_01;CM_AIR_02","平台/新闻提供烟季事件和交通方式补充。","CM_AIR_01;CM_AIR_03;CM_MOB_01;CM_MOB_02","社区反馈对烟季、家庭逃离、呼吸不适、Grab/无公交等主题是强 overlay，和官方空气数据一致。","CM_COMM_04;CM_MOB_03;CM_MOB_04;CM_COMM_08;CM_COMM_09;CM_COMM_10","可判断：社区反馈显著增强空气维度可信度；交通反馈也支持摩擦存在，但需要更多结构化样本。","中-强","中","缺按平台和日期去重的社区主题计数；缺家长/儿童专门样本。","做 Reddit/博客/Google review 主题抽样，分空气、交通、儿童、住房四类计数。"
